 brow,bro
 lgs,langsung
 lnjutx,lanjutnya
 luaaaarrrrr,luar
 ngalahin,mengalahkan
 ngramein,meramaikan
 prnytaan,pernyataan
 sbelmnya,sebelumnya
 usahhhh,usah
aaaahhh,ah
abis,habis
abis,habis
abisan,habisan
abisnya,habisnya
acr,acara
action,akting
ad,ada
adakh,adakah
adalh,adalah
adax,adanya
adduuhhh,aduh
ade,ada
adem,tenang
adl,adalah
adlah,adalah
adlh,adalah
aduhh,aduh
aduhhh,aduh
aduuh,aduh
aer,air
afalah,adalah
agiah,kasih
agk,agak
agree,benar
agta,anggota
ahir,akhir
ahir,akhir
ahiri,akhiri
ahlix,ahlinya
ahsuuudahlah,sudahlah
aing,saya
aja,saja
ajaa,saja
ajah,saja
ajarin,ajarkan
aje,saja
ajuan,acuan
akbat,akibat
akherat,akhirat
akhirx,akhirnya
akhrx ,akhirnya
akn,akan
aku,saya
mantul,mantap
alesan,alasan
alhmdllh,alhamdulillah 
allhmdullilah,alhamdulillah
am,sama
ama,sama
amazing,luar biasa
amboradol,amburadul
ame,sama
amiiiin,amin
aminnn,amin
ampe,sampai
ancman,ancaman
ancorr,hancur
ancur,hancur
ancurrr,hancur
ancuur,hancur
ancuuurrrr,hancur
and,dan
anda,kamu
andaaa,kamu
ane,saya
aneeh,aneh
angg,anggota
antek,pengikut
antra,antara
antum,kamu
app,aplikasi
ap,apa
apakh,apakah
apal,hapal
apalg,apalagi
apalgi,apalagi
diupdate,diperbarui
update,pembaruan
apdate,pembaruan
diupgrade,ditingkatkan
upgrade,peningkatan
apelagi,apalagi
error,gagal
eror,gagal
lemotnya,lamanya
apk,aplikasi
apkah,apakah
apkh,apakah
aplg,apalagi
aplgi,apalagi
apriasi,apresiasi
aprsiasi,apresiasi
aps,aplikasi
aq,saya
aqnya,saya
aqu,saya
artix,artinya
asa,ada
asik,asyik
asiknyaa,asyiknya
aslm,assalamualaikum
asslm,assalamualaikum
asyikkk,asyik
atasanx,atasannya
ato,atau
atou,atau
ats,atas
atu,atau
atw,atau
awaaas,awas
awam,biasa
awass,awas
ay,aku
ayok,ayo
ayoo,ayo
ayook,ayo
ayoolah,ayo
ayooo,ayo
ayoooo,ayo
ayulah,ayo
aza,saja
babe,bapak
back,kembali
backgroundnya,latarbelakangnya
bacot,nyinyir
bacotnye,nyinyirnya
baek,baik
bag,bagian
baguus,bagus
bahasanye,bahasanya
bahlul,bodoh
bajer,bazzer
bakaln,bakalan
balikx,baliknya
bang,abang
bangat,sekali
bangeets,sekali
banget,sekali
bangett,sekali
bangettt,sekali
bangetttttt,sekali
banggain,banggakn
bangs,bangsa
banguuunn,bangun
banyaakkk,banyak
banyangin,banyangkan
banyk,banyak
bapake,bapak
bapakx,bapaknya
bapk,bapak
bareng,bersama
bbicara,berbicara
bbr,beberapa
bbrap,beberapa
bbrp,beberapa
bc,baca
bca,baca
bdampak,berdampak
bdg,bandung
bdg,bandung
bdng,bidang
beati,berarti
beaya,biaya
beberkan,sampaikan
becus,pintar
becus,mampu
bedain,bedakan
begho,bodoh
bego,bodoh
bego,bodoh
bejibun,banyak
bekrja,bekerja
belaa,bela
belaiinn,belain
belio,beliau
beliu,beliau
belom,belum
beluurr,belur
bendugan,bendungan
bener,benar
benera,benaran
beneran,benaran
benerin,benarkan
benernya,benarnya
bengkokin,bengkokkan
berantem,berkelahi
berbah,berubah
berbhakti,berbakti
berenti,berhenti
beres,selesai
beresin,selesaikan
beresssss,selesai
berhentiin,berhentikan
berhrp,berharap
berhsl,berhasil
beritain,beritakan
berjalann,berjalan
berjln,berjalan
berkomntar,berkomentar
berksinambungan,berkesinambungan
berlama2,berlama-lama
berngara,bernegara
beropeni,beropini
berpa,berapa
berpikirlh,berpikirlah
berpungsi,berfungsi
bersampak,berdampak
bersatulahhhhh,bersatu
bersihin,bersihkan
bersnergi,bersinergi
berstatement,berpendapat
bersykur,bersyukur
bertany,bertanya
berthn,bertahun
berti,berarti
bertobat,bertaubat
berusha,berusaha
berwnang,berwenang
betol,betul
betulll,betul
betuulll,betul
beud,sangat
bg,bagi
bgaimana,bagaimana
bgaimanapun,bagaimanapun
bgi,bagi
bgini,begini
bgmana,bagaimana
bgmn,bagaimana
bgmna,bagaimana
bgmpun,bagaimanapun
bgn,bangun
bgnan,bangunan
bgs,bagus
bgt,sekali
bgtu,begitu
bgun,bangun
bhan,bahan
bhkan,bahkan
bhkan,bahkan
bhkn,bahkan
bhongnya,bohongnya
bhrp,berharap
bhw,bahwa
bhwa,bahwa
biarin,biarkan
bibib,habib
bid,bidang
bidoh,bodoh
bigimana,bagaimana
bijimana,bagaimana
bikinan,buatan
buat,untuk
bilangin,bilangkan
binasaaaaaa,biasa
bingiiit,sekali
bingit,sekali
bingit,sekali
bingits,sekali
bio,biografi
bjalan,berjalan
bkan,bukan
bkerja,bekerja
bkn,bukan
bknlah,bukanlah
bknnya,bukannya
bkrj,bekerja
bkrjasma,bekerja sama
bl,bila
blakangnya,belakangnya
blangsakan,brengsek
bleh,boleh
blg,bilang
blh,boleh
bliau,beliau
blik,balik
blkg,belakang
blkgn,belakangan
blm,belum
bln,bulan
blng,bilang
blom,belum
blon,belum
bloon,bodoh
bls,balas
blum,belum
bnci,benci
bner,benar
bnget,sekali
bngsa,bangsa
bngt,sekali
bngun,bangun
bnr,benar
bnyak,banyak
bnyk,banyak
bnykkkk,banyak
bobo,tidur
bobok,tidur
bodo,bodoh
boong,bohong
boongan,bohongan
boongnya,bohongnya
borjo,kaya
borju,kaya
bp,bapak
bpak,bapak
bpk,bapak 
br,baru
br,biar
brada,berada
brang,barang
brani,bernai
brani,berani
brantakan,berantakan
brantas,berantas
brarti,berarti
bravo,mantap
bravoo,bravo
brbagai,berbagai
brbagei,berbagai
brbahaya,berbahaya
brbanding,berbanding
brbau,berbau
brcadar,bercadar
brda,berada
brdasar,berdasar
brduka,berduka
brenti,berhenti
brhak,berhak
brharap,berharap
brharap,berharap
brhasil,berhasil
brhrp,berharap
brhsil,berhasil
brhsl,berhasil
brikutnya,berikutnya
brisik,berisik
brita,berita
britamu,beritamu
brjalan,berjalan
brjalan,berjalan
brjenggot,berjenggot
brjuang,berjuang
brkaitan,berkaitan
brkata,berkata
brlaku,berlaku
brlangsung,berlangsung
brmnfaat,bermanfaat
brooo,bro
brow,bro
brp,berapa
brpikirnya,berpikirnya
brprikemanusiaan,berperikemanusiaan
brrti,berarti
brsama,bersama
brsan,barusan
brseberangan,berseberangan
brsma,bersama
brsyukur,bersyukur
brt,berita
brtindak,bertindak
brusaha,berusaha
bs,bisa
bsa,bisa
bserta,beserta
bsk,besok
bsnya,bisanya
bsr,besar
bsrta,beserta
btp,betapa
bts,batas
btuhkan,butuhkan
btul,betul
btw,ngomong-ngomong
buaaangeet,sekali
buaaangeet,sekali
bualan,bohong
buanget,sekali
buanyaaakkkk,banyak
bubarin,bubarkan
bucara,bicara
budeg,tuli
bukankh,bukankah
bukanx,bukannya
bukn,bukan
buktiin,buktikan
bulet,bulat
buntinya,buktinya
burem,buram
buruan,segera
buy,membeli
buyback,beli kembali
bw,bawa
bwh,bawah
bwhannya,bawahannya
bwng,bawang
bwt,buat
byak,banyak
byar,bayar
byk,banyak
byr,bayar
cabinet,kabinet
ongkir,biaya kirim
calooon,calon
capa,siapa
capek,capai
cape,capai
care,peduli
caya,percaya
cb,coba
cebongerssss,cebong
cemana,bagaimana
cembetut,cemberut
cepet,cepat
cepetanlah,cepatlah
certdas,cerdas
cetaaaar,cetar
cetdas,cerdas
ceumungut,semangat
cilik,kecil
ciptain,ciptakan
ckhusus,khusus
ckp,cukup
ckup,cukup
clear,selesai
cm,hanya
cm,hanya
cma,hanya
cuman,hanya
cmn,hanya
cnderung,cenderung
coblos,memilih
cogrtaz,selamat
comment,komentar
concern,perhatian
congrats,selamat
congratulation,selamat
cpat,cepat
cpt,cepat 
cr,cara
cthin,contohkan
cucok,cocok
cuhatan,curhatan
cuitan,tweet
cuma,hanya
cume,hanya
cumen,hanya
cupet,cepat
cyduknya,ciduknya
d,di
da,ada
dah,sudah
dahhh,sudah
dak,gak
dalm,dalam
dapet,dapat
dapt,dapat
dasaarr,dasar
dasr,dasar
dasyat,dahsyat
dbandingkan,dibandingkan
dbicarakan,dibicarakan
dbngun,dibangun
ddaerh,didaerah
ddaerh,didaerah
dduk,duduk
ddukung,didukung
dech,deh
dek,adik
deket,dekat
demen,suka
demen,suka
demen,suka
denger,dengar
dengerin,dengarkan
dengerin,dengarkan
dengernya,dengarnya
dept,departemen
des,desember
dftar,daftar
dftr,daftar
dg,dengan
dg,dengan
dgenjot,digenjot
dger,dengar
dgn,dengan
dgn,dengan
dgr,dengar
dholim,zalim
dian,diam
diandalin,diandalkan
dianggep,dianggap
diapain,diapakan
dibanggain,dibanggakan
dibca,dibaca
dibenerin,dibenarkan
diberesin,diselesaikan
diberika,diberikan
dibiasain,dibiasakan
diblk,dibalik
dibodohin,dibodohkan
dibrikan,diberikan
dibrlakukn,diberlakukan
dibthkan,dibutuhkan
dibubarin,dibubarkan
dibubarkn,dibubarkan
dibubarkn,dibubarkan
dibwt,dibuat
dibyr,dibayar
didalem,didalam
didengerin,didengarkan
didiemin,didiamkan
didlm,didalam
didpt,didapat
didpt ,didapat
didzolimi,dizallimi
die,dia
diee,dia
diem,diam
diemen,diam
diemin,diamkan
difikirkan,dipikirkan
digangu,diganggu
digeber,dibangun
digituin,digitukan
diingatin,diingatkan
dijadiin,dijadikan
dijaman,dizaman
dijaman,dizaman
dijelasin,dijelaskan
dijlnkan,dijlnkan
dijlnkn,dijalankan
dikawatirkan,dikhawatirkan
dikhndaki,dikehendaki
dikibuli,dibodohi
dikibulin,dibohongi
dikrnkan,dikarenakan
diksh,dikasih
dikuatirkan,dikhawatirkan
dikwatirkan,dikhawatirkan
diladenin,dilawan
dilakuin,dilakukan
dilanjutin,dilanjutkan
diliat,dilihat
dilkkn,dilakukan
dimaenin,dimainkan
dimaluin,dimalukan
dimatiin,dimatikan
dimodalin,dimodalkan
dimsyrkt,dimasyarakat
dipajke,dipakai
dipake,dipakai
dipake,dipakai
dipakek,dipakai
diparingi,diberikan
dipasangin,dipasangka
dipenjemnya,dipinjamnya
dipiara,dipelihara
dipiara,dipelihara
dipinggirin,dipinggirkan
dipinjem,dipinjam
dipinpim,dipimpin
diprlukan,diperlukan
diramein,diramaikan
direnungin,direnungkan
diributin,diributkan
dirmhny,dirumahnya
disalahin,disalahkan
disampekan,disampaikan
disbt,disebut
disebutx,disebutnya
diselesaiin,diselesaikan
diselsaikan,diselesaikan
disengajain,disengajakan
diserng,diserang
dishere,dishare
disinilh,disinilah
dislesaikan,diselesaikan
disluruh,diseluruh
dispin,disisipi
dispin,dimasukkan
disumpet,disumbat
disusupi,dimasuki
disyahkan,disahkan
ditandingin,ditandingkan
ditangkep,ditangkap
ditangkepin,ditangkap
ditawarin,ditawarkan
ditegasin,ditegaskan
diteken,ditekan
ditelen,ditelan
ditengok,dilihat
diteriakin,diteriakan
dith,ditahun
dititipin ,dititipkan
ditugasi,ditugaskan
ditulisin,dituliskan
diturunin,diturunkan
diumpetin,disembunyikan
divbanding,dibanding
dizholimi,dizalimi
dkarenakan,dikarenakan
dkat,dekat
dkat,dekat
dkg,dukung
dkit,dikit
dkng,dukung
dkorupsi,dikorupsi
dkung,dukung
dkungan,dukungan
dl,dulu
dlam,dalam
dlewati,dilewati
dll,dan lain-lain
dlm,dalam
dlm,dalam
dlu,dulu
dmana,dimana
dmn,dimana 
dmna,dimana
dn,dan
dn,dan
dng,dengan
dng,dengan
dng,dengan
dngan,dengan
dngki,dengki
dngn,dengan
dngnya,dengannya
doain,doakan
doang,saja
doang,aja
doank,aja
doank,saja
dodol,bodoh
doeloe,dulu
doeloe,dulu
dolar,dollar
dolo,dulu
dolo,dulu
dolo,dulu
dongak,bodoh
dongok,bodoh
dongok,bodoh
downgrade,menjatuhkan
doyan,suka
dpake,dipakai
dpannya,depannya
dpat,dapat
dperhatiin,diperhatikan
dpermaslahin,dipermasalahkan
dpet,dapat
dpisahkan,dipisahkan
dpt,dapat
dr,dari
dr,dari
drasakan,dirasakan
dri,dari
dripd,dari pada
drpd,daripada
drpd,dari pada
drusak,dirusak
dsar,dasar
dsb,dan sebagainya
dsbnya,dan sebagainya
dsinilh,disinilah
dsn,disana
dsna,disana
dsr,dasar
dsrnya,dasarnya
dsuruh,disuruh
dtg,datang
dtgi,datangi
duh,aduh
duh,aduh
duit,uang
duitnya,uangnya
duuh,aduh
duwet,uang
duwit,uang
dy,dia
dy,dia
dy,dia
dya,dia
dzolim,zalim
ea,ya
edan,dasar
eeeeh,eh
efect,efek
efpei,fpi
efpei,fpi
ekomi,ekonomi
elo,kamu
elok,bagus
elu,kamu
elu,kamu
emak,ibu
emang,memang
emank,memang
emg,emang
emg,memang
emgnya,memangnya
emngnya,memangnya
emperan,halaman
en,dan
ending,berakhir
endonesa,indonesia
endonesia,indonesia
eneg,bosan
enek,muak
energy,energi
enggak,gak
santuy,santai
enjoy,santai
ente,kamu
enteng,mudah
esmosi,emosi
eta,era
etdah,entah
faham,paham
failed,gagal
fair,adil
fairnya,adilnya
fak,fakultas
fesbuk,fb
fh,fahri hamzah
fihak,pihak
fikir,pikir
fkta,fakta
fuchri,fahri
fulus,uang
fz,fadlin zon
g,gak
g,gak
g,gak
ga,gak
ga,gak
gaada,gak ada
gaakan,gak akan
gabener,gak benar
gaberner,gak benar
gabisa,gak bisa
gaboleh,gak boleh
gada,gak ada
gaesss,gaes
gag,gak
gagaaaaal,gagal
gagaly,gagalnya
gak,gak
gakada,gak ada
gakda,gak ada
gaksah,gak usah
gaksah,gak usah
gamau,gak mau
gamparin,tampar
gank,kelompok
gantiin,gantikan
ganyang,tangkap
gaosah,gak usah
gaosah,gak usah
gapai,raih
gapapa,gak apa
gaperlu,gak perlu
gapernah,gak pernah
garing,bosan
garong,perampok
gatau,gak tahu
gatot,gagal total
gausah,gak usah
gawean,kerja
gblk,bodoh
gbr,gambar
gbr,gambar
gda,gak ada
gebuk,hajar
gebukk,hajar
gede,besar
gede,besar
gede2an,besar-besaran
gedhe,besar
gedhe,besar
gegara,gara-gara
gemana,bagaimana
gen,generasi
gendeng,gila
geng,kelompok
genk,kelompok
gercep,gerak cepat
gerimbolan,gerombolan
gerindong,gerinda
gerindrong,gerinda
gerombolan,kelompok
getoff,keluar
getohhh,gitu
ggal,gagal
ggl,gagal
gila2an,gila-gilaan
gile,gila
gileee,gila
gimana,bagaimana
gimana,bagaimana
gimane,bagaimana
gimn,bagaimana
gini,begini
giring,mengantarkan
gitu,begitu
gitu,begitu
gk,gak
gmana,bagaimana
gmanapun,bagaimanapun
gmn,bagaimana
gmn,gimana
gmna,bagaimana
gampang,mudah
gmpang,mudah
gni,gini
gnkn,gunakan
go,gak
goal,tujuan
goblkannnya,bodohnya
goblok,bodoh
goblokk,bodoh
gobloknya,bodohnya
good,bagus
goodbye,selamat tinggal
goodbye,selamat tinggal
gosah,gak usah
gpernah,gak pernah
gpp,gak apa
gra,gara
gratiss,gratis
gt,begitu
gtau,gak tahu
gtu,begitu
gua,saya
gua,saya
gua,saya
gub,gubernur
guburnur,gubernur
gue,saya
gue,aku
gunain,gunakan
guoblok,bodoh
guoblok,bodoh
guoooblokkk,bodoh
gw,saya
gwa,aku
gx,gak
hadeeehhhh,aduh
hadeeh,aduh
hadeh,aduh
hadehh,aduh
Hadehhh,aduh
hadeuhhhh,aduh
hadeuuuhhhhh,aduh
hadew,aduh
hadewww,aduh
hadhewwh,aduh
hadooohhh,aduh
hadu,aduh
haknye,haknya
halah,aduh
halooo,halo
hancurin,hancurkan
hancurr,hancur
hancuuuur, hancur
handehh,aduh
hanx,hanya
happy,gembira
harha,harga
harusny,harusnya
harusx,harusnya
hasilx,hasilnya
haters,membenci
hatinx,hatinya
hatter,pembenci
hatters,pembenci
hatur,terima
haturkan,ucapkan
hayo,ayo
hayooo,ayo
hbat,hebat
hdp,hidup
heasteg,hastag
hello,halo
hendk,hendak
hepi,senang
hestek,hastag
hidupin,hidupkan
hiduuup,hidup
hikim,hukum
hitunganx,hitungannya
hkm,hukum
hkmn,hukuman
hkum,hukum
hlang,hilang
hmpir,hampir
hmmm,ragu
hmm,ragu
hmpr,hampir
hny,hanya
hnya,hanya
hnyalah,hanyalah
hoaks,hoax
hoby,suka
hooh,iya
hopeless,putus asa
horang,orang
hr,hari
hrga,harga 
hri,hari
hrpkan,harapkan
hrpn,harapan
hrs,habib rizieq shihab
hrsnya,harusnya
hrus,harus
hrus,harus
hrusnya,harusnya
htg,hutang
htl,hotel
hub,hubungan
hx,hanya
hy,hanya
hy,hanya
hyalah,hanyalah
ia,dia
ibaratny,ibaratnya
ideolgi,ideologi
idialis,idealis
idialis,idealis
idiologi,ideologi
idup,hidup
idup,hidup
idupnya,hidupnya
idzin,izin
ijin,izin
ijinkan,izinkan
ijinnya,izinnya
iki,ini
iklas,ikhlas
ilangin,hilangkan
ilnu,ilmu
im,saya
import,impor
ina,indonesia
ind,indonesia
ind,indonesia
indinesia,indonesia
indo,indonesia
indo,indonesia
indon,indonesia
infra,infrastruktur
infra,infrastruktur
infrast,infrastrutur
infrastrktr,infrastruktur
infrastructure,infrastruktur
inget,ingat
ingetin,ingatkan
ingggaaat,ingat
inii,ini
insaallah,insyaa allah
insallah,insyaa allah
inshaallah,insya allah
insta,instragam
insyaallah,insyaa allah
insyaalloh,insya allah
insyallah,insyaa allah
intinx,intinya
invest,investasi
israhell,israel
issu,isu
issue,isu
issuenya,isunya
istimew,istimewa
istrahat,istirahat
item,hitam
ito,itu
itung,hitung
ituuu,itu
iy,iya
iyaaa,iya
iyaaaa,iya
iye,iya
iyeeesss,ya
iyes,iya
iyyaa,iya
ja,saja
jadiin,jadikan
jalanin,jalankan
jalim,zalim
jaman,zaman
jamannya,zamannya
jan,jangan
jangann,jangan
janjiy,janjinya
jatohin,jatuhkan
jatohin,jatuhkan
jatuhin,jatuhkan
jau,jauh
jauh2,jauh-jauh
jauuuh,jauh
jayaaaa,jaya
jbatan,jabatan
jbtan,jabatan
jbtanny,jabatannya
jbtn,jabatan
jd,jadi
jd,jadi
jdi,jadi
jdkan,jadikan
jdlah,jadilah
jdnya,jadinya
Jealous,cemburu
jeblosin,jebloskan
jebol,bocor
jelaakan,jelaskan
jelasin,jelaskan
jelekin,jelekkan
jelekin,jelekkan
jelekkkin,jelekkan
jelex,jeleknya
jemaah,jamaah
jend,jenderal
jend,jenderal
jepun,jepang
jermihkan,jernihkan
jg,juga
jg,juga
jga,juga
jga,juga
jgan,jangan
jgn,jangan
jgn,jangan
jgnkan,jangankan
jjran,jajaran
jk,jusuf kalla
jka,jika
jka,jika
jkowi,jokowi
jkt,jakarta
jkt,jakarta
jkt,jakarta
jkw,jokowi
jkwi,jokowi
jl,jalan
jlan,jalan
jlang,jelang
jlas,jelas
jlek,jelek
jlek,jelek
jlekin,jelekan
jln,jalan
jlnny,jalannya
jlnnya,jalannya
jls,jelas
jls,jelas
jls,jelas
jls,jelas
jlslah,jelaslah
jman,zaman
jml,jumlah
jmlh,jumlah
jmlhnya,jumlahnya
jmn,zaman
jmn,zaman
jng,jangan
jng,jangan
jngan,jangan
jngn,jangan
job,kerja
jobnya,pekerjaanya
jokiwi,jokowi
jokwi,jokowi
jokwi,jokowi
jongos,pelayan
jongosnya,pendukungnya
jongosnya,pelayannya
jongosnye,pelayannya
jorjoran,besar-besaran
jowowi,jokowi
jstru,justru
jt,juta
jua,juga
judulnyaaaa,judulnya
judulnyaaaa,judulnya
jumawa,angkuh
Junjunganny,junjungannya
junjungi,dukung
jw,jokowi
jwb,jawab
jwban,jawaban
jwbnnya,jawabannya
jwbnya,jawabnya
k,ke
k,ke
k,ke
kab,kabupaten
kab,kabupaten
kabinetnx,kabinetnya
kabinetny,kabinetnya
kabopaten,kabupaten
kacaw,kacau
kaciaaaan,kasihan
kaga,gak
kagak,gak
kaleum,santai
kalo,kalau
kalo,kalaupun
Kalopun,kalau pun
kalopun,kalaupun
kalow,kalau
kampret,sialan
kandang,kadang
kangkangi,langkahi
kao,kau
kapl,kapal
kapok,menyerah
karna,karena
kasi,kasih
kasi,kasih
kasian,kasihan
katain,katakan
katakn,katakan
kate,kata
kau,kamu
kaw,kamu
kaya,seperti
kayak,seperti
kayakny,sepertinya
kayaknya,sepertinya
kayanya,sepertinya
kayek,seperti
kbanyakan ,kebanyakan
kbar,kabar
kbencian,kebencian
kbetulan,kebetulan
kbijakan,kebijakan
kbijakn,kebijakan
kbjikan,kebijakan
kbnykn,kebanyakan
kbrhsilannya,keberhasilannya
kbrukannya,keburukannya
kbtln,kebetulan
kcau,kacau
kcl,kecil
kcuali,kecuali
keabisan,kehabisan
kebaikn,kebaikan
kebakaean,kebaikkan
kebakaean,kebaikkan
kebakaean,kebakaran
keberhsilan,keberhasilan
kebijakn,kebijakan
kebijaksanaanany,kebijaksanaanya
kebijkkan,kebijakkan
kebtulan,kebetulan
kecewakn,kecewakan
keciiiiilllll,kecil
keciiiilllll,kecil
kecyduk,ketangkap
kedele,kedelai
kedlm,kedalam
kedungian,kedunguan
kedzaliman,kezaliman
kegedean,kebesaran
kehdupn,kehidupan
kejdan,kejadian
kek,seperti
kekencengan,kekencangan
keknya,sepertiya
kelamgkaan,kelangkaan
kelar,selesai
kele,kali
kelean,kalian
keleusss,kali
kelian,kalian
keliatan,kelihatan
keliatan,kelihatan
keliatannya,kelihatannya
keluain,keluarkan
keluarin,keluarkan
keluarin,keluarkan
keluwarga,keluarga
kemajuann,kemajuan
kemaren,kemarin
kemngkinan,kemungkinan
kemren,kemarin
kmrn,kemarin
kemrin,kemarin
kenacetan,kemacetan
kenajuan,kemajuan
kenceng,kencang
kenerja,kinerja
kenp,kenapa
kepaikan,kepanikan
kepake,kepakai
kepd,kepada
kepercyaan,kepercayaan
kepingin,kepengen
kepingin,inign
kereeeeen,keren
kereeeen,keren
kereeeen,keren
kereen,keren
kerennnn,keren
kerjax,kerjanya
kerna,karena
keruan,tentu
kesejahtraan,kesejahteraan
kesel,kesal
kesemrawutan,kekacauan
ketahuan,ketahuan
ketahuilh,ketahuilah
ketakberpihakan ,ketidakberpihakan
ketangkep,ketangkap
ketauan,ketahuan
ketauan,ketahuan
ketdkjujuran,ketidakjujuran
ketebaaak,ketebak
keteledorannya,kecerobohannya
ketidkadilan,ketidakadilan
ketje,keren
ketrbatasan,keterbatasan
ketrima,keterima
kewmudi,kemudi
kga,gak
kgak,gak
kgk,gak
kgk,gak
khabar,kabar
khan,kan
khan,kan
khbisan,kehabisan
khususny,khususnya
kian,makin
kibijakanya,kebijakanya
kibul,bohong
kibulin,bodoh
kitany,kitanya
kitta,kita
kjadian,kejadian
kkuranganya,kekurangannya
kl,kalau
klau,kalau
klean,kalian
klem,kalem
klen,kalian
klg,keluarga
klh,kalah
klh,kalah
kli,kali
klian,kalian
kliatan,kelihatan
kliatan,kelihatan
kliru,keliru
klmpk,kelompok
klmpok,kelompok
klo,kalau
klompok,kelompok
klompokmu,kelompokmu
klow,kalau
klpk,kelompok
klpknya,kelompoknya
klpok,kelompok
klrga,keluarga
klu,kalau
kluar,keluar
kluarga,keluarga
kluarin,keluarkan
kluarkan,keluarkan
klw,kalau
klw,kalau
km,kamu
kmana,kemana
kmatian,kematian
kmbali,kembali
kmbli,kembali
kmd,kemudian
kmdian,kemudian
kmi,kami
kmi,kami
kmn,kemana
kmna,kemana
kmntrin,komentarin
kmpung,kampung
kmrin,kemarin
kmrn,kemarin
kmu,kamu
kmu,kamu
kmudian,kemudia
kn,kan
kn,kan
knal,kenal
knapa,kenapa
kndor,kendor
knp,kenapa
ko,kok
ko,kok
koalisix,koalisinya
koalisix,koalisinya
koar,teriak
kog,kok
kokohwi,jokowi
kolap,jatuh
komenan,komentar
koment,komentar
komentnya,komentarnya
komit,komitmen
konci,kunci
konco,teman
kongkalikong,bekerja sama
konsen,konsentrasi
konven,konvensional
koplak,idot
kopolri,kapolri
koq,kok
koq,kok
kok,kenapa
koropsinya,korupsinya
korup,korupsi
korupsiiii,korupsi
kowar,teriak
kowe,kamu
kowe,kamu
kpada,kepada
kpanye,kampanye
kpatutan,kepatutan
kpd,kepada
kpda,kepada
kpdny,kepadanya
kpdnya,kepadanya
kpemimpinan,kepemimpinan
kpl,kepala
kpla,kepala
kpn,kapan
kpntigan,kepentingan
kptsan,keputusan
kptusan,keputusan
krang,kurang
kreatip,kreatif
krena,karena
kreta,kereta
krg,kurang
krismon,krisis moneter
kritisx,kritisnya
krj,kerja
krja,kerja
krjaanx,kerjaannya
krjkn,kerjakan
krjnya,kerjanya
krn,karena 
krna,karena
krupuk,kerupuk
krya,karya
ksalahan,kesalahan
ksh,kasih
ksian,kasihan
ksimpulannya,kesimpulannya
ksini,kesini
ksl,kesal
ksmptn,kesempatan
kss,kasus
kt,kata
kta,kita
ktahuan,ketahuan
ktanya,katanya
ktegasan,ketegasan
ktimbang,ketimbang
ktimpangan,ketimpangan
ktk,ketika
ktka,ketika
ktm,ketemu
ktm,ketemu
ktmu,ketemu
ktmu,ketemu
ktngkap,ketangkap
ktnya,katanya
ktr,kantor
kuasaaaaa,kuasa
kuatir,khawatir
kudu,harus
kudu,perlu
kudu,harus
kuenceng,kencang
kultwit,kultweet
kumplan,kumpulan
kuneng,kuning
kunerja,kinerja
kusruh,kisruh
kutengok,aku lihat
kuwat,kuat
kuwat,kuat
kwalitas,kualitas
Kweereenn,keren
kweereenn,keren
kwj,kewajiban
kwn,kawan
ky,seperti
kya,seperti
kyak,seperti
kyaknya,sepertinya
kyk,seperti
kyk,seperti
kykna,sepertinya
kykna,sepertinya
kykny,sepertinya
kyknya,sepertinya
kzl,kesal
laaaah,lah
labih,lebih
ladenin,lawan
laen,lain
laen,lain
lagiiiii,lagi
lahirny,lahirnya
lalau,kalau
lancarrrr,lancar
lanjot,lanjut
lanjutin,lanjutkan
lanjutin,lanjutkan
lapaaaaar ,lapar
lapaangan,lapangan
laporin,laporkan
laporin,laporkan
lasti,pasti
lawak,lucu
lawakan,kelucuan
lawans,lawan
layak,pantas
lbh,lebih
lbh,lebih
lbih,lebih
lbih,lebih
leadership,kepemimpinan
leadership,kepemimpinan
lebh,lebih
legowo,sabar
lelet,lama
leluasa,bebas
lemot,lama
lengkapx,lengkapnya
lewaaat,lewat
lg,lagi
lgan,lagian
lgi,lagi
lgkh,langkah
lgs,langsung
lgsg,langsung
ribet,susah
ngeribetin,menyusahkan
admin,administrasi
lgsung,langsung
lh,lah
lha,lah
lht,lihat
lht,lihat
liat,lihat
liat,lihat
liath,lihat
liatin,lihat
lkukan,lakukan
lmbga,lembaga
ln,luar negeri
lngkah,langkah
lngsng,langsung
lnjuti,lanjuti
lo,kamu
loe,kamu
loe,kamu
lohhh,loh
lom,belum
lom,belum
love,cinta
lovers,pencinta
lpgn,lapangan
lpn,walaupun
lputan,liputan
lsg,langsung
lu,kamu
lu,kamu
lu,kamu
luconnn,lucu
lucuuu,lucu
ludes,habis
lupain,lupakan
lupain,lupakan
luruskn,luruskan
lw,kamu
lw,kalau
lw,kalau
lwt,lewat
ma,sama
ma,sama
maap,maaf
mabok,mabuk
mabokkkk,mabuk
maca,masa
macem,macam
macettt,macet
madiri,mandiri
maem,makan
maen,main
mainin,mainkan
majuu,maju 
majuuuu,maju
makane,makanya
makash,terima kasih
makax,makanya
make,makai
maks,maksimal
maksdux,maksudnya
males,malas 
maluuuu,malu
mamad,ahmad
mamah,mama
mampaat,manfaat
mampooss,mampus
manaaa,mana
manasin,memanaskan
mandek,berhenti
mandek,macet
manfaatin,manfaatkan
mang,memang
mang,memang
mangka,maka
mangkanya,makanya
mangkanye,makanya
mangkraaakkkk,mangkrak
mangkrakkk,mangkrak
mangnya,memangnya
mantaaap,mantap
mantaaappp,mantap
mantaap,mantap
mantab,mantap
mantabh,mantap
mantaf,mantap
mantaff,mantap
mantaff,mantap
mantappp,mantap
mao,mau
mapia,mafia
maree,mari
masak,masa
masakkk,masa
masi,masih
masiiiiiih,masih
masiv,masif
maslah,masalah
masukin,masukkan
masy,masyarakat
masya,masyarakat
masyaaakkk,masa
masyrakat,masyarakat
masyrkat,masyarakat
matiin,matikan
matur,terima
maturnuwum,terima kasih
mbacot,menyinyir
mbantu,membantu
mbawa,membawa
mbayar,membayar
mbenci,membenci
mbengkak,membengkak
mbk,mbak
mbls,membalas
mbntu,membantu
mboseni,membosankan
mbubarin,membubarkan
mcam,macam
mdalam,mendalam
mdhan,mudahan
mdp,mendapat
mdpt,mendapat
meakipun,meskipun
med,selamat
meguatkan,menguatkan
mekritik,mengkritik
mekso,maksa
melampoi,melampaui
melek,lihat
meloco,menyelam
melongo,diam
melulu,terus
memakmurkn,memakmurkan
memanage,memanajemen
memange,memangnya
memanpaatkan,memanfaatkna
membaraaaa,membara
member,anggota
membgn,membangun
membgun,membangun
membngun,membangun
membubarin,membubarkan
mememang,memang
memetingkan,mementingkan
memg,memang
memgakui,mengakui
memgakui,mengakui
memojokkn,memojokkan
mempitnah,memfitnah
memprofokasi,memprovokasi
memprofokasi,memprovokasi
memvitnah,memfitnah
menajdi,menjadi
mencermari,mencermati
menciptakan,membuat
menciptkan,membuat
mencr,mencari
mencrderai,mencederai
mencydux,menciduk
mencydux,menciduk
mendaptkan,mendapatkan
mendatngkan,mendatangkan
mendkg,mendukung
mendngar,mendengar
mendowngrade,menjatuhkan
mendpat,mendapat
mendpt,medapat
mendptkan,mendapatkan
mendtang,mendatang
menelorkan,menelurkan
meneriaki,meneriakkan
menetang,menentang
menfitnah,memfitnah
mengaiui,mengakui
mengakali,membohongi
mengalit,mengalir
mengangkangi,melangkahi
menganti,mengganti
mengatakn,mengatakan
mengcounter,menyerang
mengeluarkn,mengeluarkan
mengembembangkan,mengembangkan
mengembngkan,mengembangkan
mengendlikan,mengendalikan
mengepalai,memimpin
mengerikannn,mengerikan
menggadeikan,menggadaikan
menggembosinya,menjatuhkannya
menggerogoti,mengrongrong
menggiring,mengantarkan
menggoyang,menjatuhkan
menghadirkn,menghadirkan
menghambukan,menghamburkan
menghandle,mengatur
mengijinkan,mengizinkan
mengkem,diam
mengkerangkeng,mempenjarakan
mengolok,mengejek
mengpliksikan,mengaplikasikan
mengritik,mengkritik
mengugat,menggugat
menhargai,menghargai
menjalnkn,menjalankan
menjd,menjadi
menjd,menjadi
menjdai,menjadi
menjdi,menjadi
menjelekkn,menjelekkan
menjesejaterah,mensejahterakan
menjg,menjaga
menjlnkan,menjalankan
menjudge,menilai
menohok,menusuk
menselaraskan,menyelaraskan
mensuport,mendukung
mensupporrt,mendukung
mentri,menteri
mentrinya,menterinya
mentskkan,mentersangkakan
menudu,menuduh
menunjukkn,menunjukkan
menunjungi,mengunjungi
menyakiti,menyakitkan
menyambng,menyambung
menyejahterakan,mensejahterakan
menyerng,menyerang
menyosialisasikan,mensosialisasikan
menyukurinya,mensyukurinya
menyuport,mendukung
menyusupkn,menyusupkan
menzhalimi,menzalimi
merahhh,merah
merakan,merasakan
meraralela,merajalela
merdekaaaa,merdeka
merecoki,menggaduh
merka,mereka
meroke,merauke
mersa,merasa
mersk,merusak
merubah,mengubah
merwka,mereka
met,selamat
met,selamat
mewujudkn,mewujudkan
meyiapkan,menyiapkan
mfitnah,memfitnah
mgakibatkan,mengakibatkan
mgembosi,mengambil
mghina,menghina
mghiraukan,menghiraukan
mghujat,menghujat
mgk,mungkin
mgkambing,mengkambing
mgkin,mungkin
mgkn,mungkin
mgkritik,mengkritik
mhal,mahal
mhd,mahfud
mhn,mohon
mhon,mohon
mhsw,mahasiswa
mhsw,mahasiswa
mhswa,mahasiswa
miikiiirrr,mikir
mikirin,mikirkan
mikirin,memikirkan
mikirrrr,mikir
milih,pilih
min,minimal
mindahin,mindahkan
mingkatkan,meningkatkan
mingkem,tutup mata
mingkem,diam
minjem,minjam
minusnhya,minusnya
mjadi,menjadi
mjaga,menjaga
mjd,menjadi
mjd,menjadi
mjdi,menjadi
mjlnkan ,menjalankan
mk,maka 
mka,maka
mkasih,terima kasih
mkasih,terima kasih
mkin,makin
mkng,mungkin
mknya,makanya
mknya,makanya
mknye,makanya
mkritik,mengkritik
mksd,maksud
mksd,maksud
mksdnya,maksudnya
mksh,terima kasih
mksih,terima kasih
mksudnya,maksudnya
mlah,malah
mlai,mulai
mlakukan,melakukan
mlalui,melalui
mlarat,melarat
mlawan,melawan
mlempem,lemah
mlht,melihat
mlibatkan,melibatkan
mlihat,melihat
mlik,milik
mlkukan,melakukan
mlm,malam
mlnggar,melanggar
mlnjutkan,melanjutkan
mlongo,melongo
mlu,malu
mlulu,melulu
mluruskan,meluruskan
mlyr,miliyar
mmaksa,memaksa
mmanjakan,memanjakan
mmbahu,membahu
mmbangun,membangun
mmbangun,membangun
mmbedakan,membedakan
mmbela,membela
mmbenarkan,membenarkan
mmberi,memberi
mmberikan,memberikan
mmbrikan,memberikan
mmbuat,membuat
mmcpai,mencapai
mmerangi,memengangi
mmg,memang
mmgnya,memangnya
mmilih,memilih
mmng,memang
mmnjakan,memanjakan
mmpercaykn,mempercayakan
mmperjuangkan,memperjuangkan
mmprtimbgkan,mempertimbangkan
mmpu,mampu
mn,mana
mnambah,menambah
mnancapkan ,menancapkan
mnangkap,menangkap
mncul,muncul
mndingan,mendingan
mndpat,mendapat
mndptkn,mendapatkan
mndukung,mendukung
mndukung,mendukung
mnempati,menempati
mnepati,menepati
mnerbitkan,menerbitkan
mngakui,mengakui
mngalami,mengalami
mngatakan,mengatakan
mngenai,mengenai
mngenai,mengenai
mngendalikan,mengendalikan
mngganggu,mengganggu
mnghadiri,menghadiri
mngharap,mengharap
mngharapkan,mengharapkan
mnghilangkan,menghilangkan
mnghormati,menghormati
mnginginkan,menginginkan
mngintimidasi,mengintimidasi
mngkin,mungkin
mngkn,mungkin
mngkritik,mengkritik
mngmbil,mengambil
mngrti,mengerti
mngtkn,mengaitkan
mngubah,mengubah
mnikmati,menikmati
mningkatkan,meningkatkan
mnj,menjadi
mnjabat,menjabat
mnjabt,menjabat
mnjadi,menjadi
mnjaga,menjaga
mnjaga,menjaga
mnjalankan,menjalankan
mnjalankn,menjalankan
mnjatuhkan,menjatuhkan
mnjatuhkn,menjatuhkan
mnjawab,menjawab
mnjbat,menjabat
mnjd,menjadi
mnjdi,menjadi
mnjelang,menjelang
mnjelekan,menjelekan
mnjga,menjaga
mnjga,menjaga
mnjlankan,menjalankan
mnjlkn,menjalankan
mnjlnkn,menjalankan
mnjm,menjamin
mnjthkan,menjatuhkan
mnju,menuju
mnngkp,menangkap
mnpati,menepati
mnrskan,meneruskan
mnrt,menurt
mnrtku,menurutku
mnrut,menurut
mnstimulasi,menstimulasi
mntal,mental
mntap,mantap
mntp,mantap
mntri,menteri
mntri,menteri
mnuduh,menuduh
mnuju,menuju
mnurut,menurut
mnyalahkan,menyalahkan
mnyalahkannya,menyalahkan
mnyalahkn,menyalahkan
mnyebabkan,menyebabkan
mnyisakan,menyisakan
mnyngkut,menyangkut
mnyumpah,menyumpah
mnyuruh,menyuruh
mnzolimi,menzalimi
mo,mau
modaarr,mati
moga,semoga
moga,semoga
mojokin,mojokkan
monggo,silahkan
monggo,mari
mosok,masa
motiv,motif
mpengaruhi,memperngaruhi
mr,tuan
mraskn,merasakan
mrasknan,merasakan
mreka,mereka
mrh,marah
mrk,mereka
mrk,mereka
mrka,mereka
mrklah,merekalah
mrngkritik ,mengkritik
mrpkan,merupakan
mrpkan,merupakan
mrpkn,merupakan
mrs,merasa
mrsakan,merasakan
ms,masa
msa,masa
msalah,msalah
msg,masing
msh,masih
msi,masih
msih,masih
msk,masuk
msknya,masuknya
mskpun,meskipun
mslah,masalah
mslh,masalah
mslhnya,masalahnya
msng,masing
msrkt,masyarakat
mst,mesti
msti,mesti
mstinya,mestinya
msyarakat,masyarakat
msyrkat,masyarakat
msyrkt,masyarakat
mta,mata
mu,kamu
muaaantap,mantap
mudhan,mudahan
mulu,terus
mulu,terus
muluuu,terus
mumpuni,mahir
muncung,mulut
mustinya,harusnya
muter,mutar
mw,mau
n,dan
n,dan
naah,nah
naek,naik
naek,naik
naekin,naikkan
naeknya,naiknya
naikin,naikkan
naikin,naikan
naikny,naiknya
naini,nah ini
najibs,najib
nakin,makin
nanam,tanam
nanganin,menangani
nangkep,nangkap
napa,kenapa
napa,kenapa
napi,nara pidana
napsu,nafsu
nasibx,nasibnya
nda,gak
ndak,gak
ndan,komandan
ndeso,kampungan
ndesopun,desapun
ndk,gak
ne,ini
ne,ini
nebeng,numpang
neeh,ini
neg,negara
neg,negara
neg,negara
negative,negatif
negiri,negeri
negri,negeri
negriku,negeriku
negriku,negeriku
neh,ini
neh,ini
nehh,ini
nenjadi,menjadi
neolib,neoliberal
nerusak,merusak
nerusin,meneruskan
next,selanjutnya
ng,gak
ng,gak
nga,gak
nga,gak
nga,gak
ngabur,kabur
ngaca,mengaca
ngacauin,mengacau
ngaco,kacau
ngadepin,menghadapi
ngaitin,mengaitkan
ngak,gak
ngakak,ketawa
ngaku,mengaku
ngaku,mengaku
ngakunya,mengakunya
ngalir,mengalir
ngamuk,marah
ngancam,mengancam
ngancem,mengancam
ngancurin,menghancurkan
nganggap,menganggap
nganggur, menganggur
nganggur,menganggur
nganggurin,menganggurkan
nganggurin ,menganggurkan
ngantok,ngantuk
ngantrinya,mengantrinya
ngapaen,ngapain
ngapresiasi,mengapresiasi
ngapus,menghapus
ngapusi,menghapus
ngara,negara
ngarahin,mengarahkan
ngarep,berharap
ngarep,berharap
ngarti,mengerti
ngarti,mengerti
ngartiin,mengartikan
ngasal,asal
ngasih,memberi
ngasih,memberi
ngatain,mengejek
ngatur,mengatur
ngawasin,mengawasi
ngawatirin,mengkhawatirkan
ngawur,asal-asalan
ngbom,membom
ngebacot,nyinyir
ngebahas,membahas
ngebangun,membangun
ngebantu,membantu
ngebayangin,membayangkan
ngebela,membela
ngebet,ingin
ngeblok,memblokir
ngecam,mengecam
ngedukung,mendukung
ngedumel,marah
ngefitnah,memfitnah
ngegaji,menggaji
ngeganggu,mengganggu
ngegoyang,menggoyang
ngehina,menghina
ngejabat,menjabat
ngejatuhin,menjatuhkan
ngejek,mengejek
ngejek,mengejek
ngejelasin,menjelaskan
ngejelekin,menjelekkan
ngejudge,menilai
ngekampanyein,mengempanyekan
ngelaguin,melagukan
ngelak,mengelak
ngelamar,melamar
ngelanjutin,melanjutkan
ngelanjutkan,melanjutkan
ngelapor,melapor
ngelarang,melarang
ngelarang,melarang
ngelawan,melawan
ngelayani,melayani
ngelepaskan,melepaskan
ngeles,menghindar
ngelesnya,alasannya
ngeliat,melihat
ngelihat,melihat
ngeluarin,mengeluarkan
ngelucu,melucu
ngeludah,meludah
ngelunjak,melunjak
ngelunjak,melunjak
ngembat,mengambil
ngemengnya,bicaranya
ngemis,mengemis
ngenes,miris
ngerasa,merasa
ngerasa,merasa
ngerasain,merasakan
ngerawat,merawat
ngerecoki,menggaduh
ngerecokin,merecoki
ngeretweet,retweet
ngeributin,meributkan
ngeriiikkk,ngeri
ngeritik,mengkritik
ngerocos,mengkritik
ngerongrong,mengganggu
ngerugiin,merugikan
ngesahkan,mengesahkan
ngetwit,tweet
ngg,gak
ngga,gak
nggaji,menggaji
nggak,gak
nggembosi,menurunkan
nggih,baik
nggk,gak
nggumum,bicara
ngibul,bohong
ngibul,bohong
ngibul,bohonh
ngibuli,bohong
ngibulin,membohongi
ngikutin,mengikuti
ngimbangin,mengimbangi
ngimpi,mimpi
ngimpi,mimpi
ngimpiii,mimpi
ngimpiii,mimpi
ngincer,mengincar
ngingetin,mengingatkan
ngira,mengira
ngiri,iri
ngiri,iri
ngirim,mengirim
ngisi,isi
ngitung,hitung
ngk,gak
ngkritik,mengkritik
nglamar,melamar
nglanjutin,melanjutkan
nglanjutin,melanjutkan
ngliat,melihat
nglibasnya,melibasnya
ngmg,bicara
ngmg,bicara
ngmng,bicara
ngmong,bicara
ngobrolin,bicara
ngoceh,bicara
ngomingin,bicara
ngomong,bicara
ngomongin,ngomongkan
ngomongny,bicaranya
ngotot,ingin
ngr,negara
ngra,negara
ngrecoki,merecoki
ngritik,kritik
ngtwit,ngetweet
ngucur,mengalir
ngumpet,sembunyi
ngundang,mengundang
ngungsi,mengungsi
ngurus,mengurus
ngurusi,mengurus
ngurusi,mengurus
ngurusin,mengurus
ngustad,ustadz
ngutang,hutang
ngutang,hutang
ngutang,hutang
ngutarakan,mengutarakan
nh,ini
nha,ini
ni,ini
nich,ini
nich,ini
nich,ini
nie,ini
nieh,ini
nih,ini
nihh,ini
nihhh,ini
ninggalin,meninggalkan
ninggalin,ninggalkan
nitizen,netizen
njelasin,menjelaskan
njelekin,menjelekkan
njenengan,kamu
nma,nama
nmanya,namanya
nmn,namun
nmnya,namanya
nnt,nanti
nntn,nonton
nnurutmu,menurutmu
noh,ini
nongol,muncul
nongol,muncul
nothing,gak ada
now,sekarang
np,kenapa
nrocos,cerewet
nt,nanti
ntah,entah
ntahlah,entahlah
ntar,nantii
ntar,nanti
ntar,nanti
nti,nanti
nti,nanti
ntn,nonton
ntn,nonton
ntr,nanti
ntu,itu
ntuk,untuk
nuduh,menuduh
nuhun,kasih
nunjukin,menunjukkan
nunjukkin,menunjukkan
nurunin,nurunkan
ny,nya
ny,nya
nyaci,mencaci
nyadar,sadar
nyainginnya,bersaing
nyalahin,menyalahkan
nyalahken,menyalahkan
nyalahn,nyalahkan
nyalain,nyalahkan
nyamain,nyamakan
nyamar,menyamar
nyamber,komentar
nyampe,sampai
nyante,santai
nyari,mencari
nyautin,jawab
nye,nya
nyebabin,menyebabkan
nyebarin,menyebarkan
nyebutin,menyebutkan
nyela,mencela
nyelesaiin,menyelesaikan
nyelesain,menyelesaikan
nyeloteh,nyinyir
nyembunyiin,menyembunyikan
nyenengin,menyenangkan
nyengol,menyenggol
nyerang,menyerang
nyerang,menyerang
nyesal,menyesal
nyesel,menyesal
nyeselllll,menyesal
nyiarin,nyiarkan
nyikapin,menyikapi
nyindir,menyindir
nyinyirin,nyinyirkan
nyok,yuk
nyolong,maling
nyulik,menculik
nyumpet,sembunyi
nyungsep,jatuh
nyungsep,jatuh
nyungsepkan,jatuhkan
nyungseppp,jatuh
nyurangi,mencurangi
nyuri,mencuri
nyusahin,menyusahkan
nyusahkan,menyusahkan
nywa,nyawa
o,oleh
o/,oleh
oalah,aduh
ocehin,ocehkan
ogah,enggan
ogah,enggan
ogah,malas
ogut,saya
ohhh,oh
ojol,ojek online
ok,oke
okay,oke
olh,oleh
olok,ejek
olokan,ejekan
olokn,ejekan
ono,sana
onta,unta
ooh,oh
oon,bodoh
oonnya,bodohnya
oplosan,oposisi
opo,apa
oposan,oposisi
oposannya,oposisinya
optmis,optimis
or,atau
ora,gak
ora percoyo,gak percaya
orba,orde baru
org,orang
orgtu,orang tua
orla,orde lama
orng,orang
orngnya,orangnya
ortnya,orangtuanya
otakx,otaknya
ott,operasi tangkap tangan
out,keluar
owi,jokowi
oye,oke
p,bapak
pa,bapak
pa,apa
pa,pak
paaaaak,bapak
padahl,padahal
pade,pada
pade,pada
pade,pada
pade,om
padet,padat
padli,fadli
pahamkaaan,pahamkan
pahm,paham
pak,bapak
pakde,pakdhe
paka,pakai
pake,pakai
pakk,bapak
pakkkk,pak
pakta,fakta
pala,kepala
palalu,kepalamu
paleng,sakit kepala
panjenengan,kamu
pantes,pantas
pantesan,pantas
Paraaaaah,parah
parahhh,parah
parpol,partai
parte,partai
parte,partai
parte,partai
pd,pada
pda,pada
pda,pada
pdahal,padahal
pdhal,padahal
pdhl,padahal
pdkg,pendukung
pduli,peduli
pedahal,padahal
pedasssss,pedas
pegawe,pegawai
pekaes,pks
pekaes,pks
pekok,bodoh
pekrja,pekerja
pelangganx,pelanggannya
pelanggaranx,pelanggaranya
pem,pemerintahan
pemake,pemakai
pemb,pembangunan
pembisikny ,pembisiknya
pembngunan,pembangunan
pembngunan,pembangunan
pembngunny,pembangunannya
pembnuh,pembunuh
pembnuh,pembunuh
pembrdayaan,pemberdayaan
pemgacau,pengacau
pemilihanny,pemilihannya
peminpin,pemimpin
pempus,pemerintah pusat
pemrintahan,pemerintahan
pemrintahan ,pemerintahan
pemrinthan,pemerintahan
pemrnth,pemerintahan
pemwrintah,pemerintah
penantangny,penantangnya
pencaoaian,pencapaian
pengen,ingin
pengenne,pengennya
pengibulan,pembohong
Pengkibulan,pembohongan
penyeludupan,penyelendupan
penyerhn ,penyerahan
perbaikin,perbaikkan
perbhan,perubahan
percy,percaya
percya,percaya
percyakan,percayakan
perduli,peduli
perhatiin,perhatikan
perhatiin,perhatikan
perhtian,perhatian
period,periode
perlahan2,perlahan-lahan
perlihatkn,perlihatkan
pernh,pernah
perobahan,perubahan
perongrong,pengganggu
persolan,persoalan
perstasi,prestasi
pertum,pertumbuhan
perwkonomian,perekonomian
pesaat,pesat
pesen,pesan
pfof,professor
pgganyangan,pengganyangan
pgn,ingin
phm,paham
piara,pelihara
piawa,pandai
pidio,video
pidio,video
pindahin,pindahkan
pingin,ingin
pingin,ingin
pinter,pintar
pinternya,pintarnya
piq,babi
pisimis,pesimis
piye,bagaimana
pjabat,pejabat
pjalanan,perjalanan
pjalanan,perjalanan
pjbat,pejabat
pjk,pajak
pk,bapak
pk,bapak
pkde,bapak
pke,pakai
pke,pakai
pkok,pokok
pkrj,pekerja
pkrja,pekerja
please,tolong
please,tolong
plening,rencana
plesiden,presiden
plesiden,presiden
plg,paling
plgi,apalagi
plh,pilih
pling,paling
pliss,tolong
pliss,tolong
pljran,pelajaran
plng,paling
pmahaman,pemahaman
pmbagian,pembagian
pmbangunan,pembangunan
pmbngnan,pembangunan
pmbngunan,pembangunan
pmrintah,pmrintah
pmrintahan,pemerintahan
pmrntah,pemerintah
Pmrnth,pemerintahan
pmrnthn,pemerintahan
pmrth,pemerintah
pmrthan,pemerintahan
pnderitaan,penderitaan
pndkung,pendukung
pndpt,pendapat 
pndukung,pendukung
pndukung,pendukung
pnegakan,penegakan
pnenggelaman,penenggelaman
pngajian,pengajian
pngen,ingin
pnghargaan,penghargaan
pngin,ingin
pngorbanan,pengorbanan
pngusaha,pengusah
pnjang,panjang
pnjara,penjara
pnjng,panjang
pntg,penting
pnting,penting
pntr,pintar
pny,punya
pnya,punya
pnyebab,penyebab
pnyebabnya,penyebabnya
pnyesuaia,penyesuaian
pobus,politik busuk
pokoe,pokoknya
pokoke,pokoknya
pokoke,pokoknya
pokomen,pokoknya
polbus,politik busuk
poling,polling
polow,follow
polower,follower
positiv,positif
positive,positif
postif,positif
pr,para
prabs,prabowo
prasaan,perasaan
prbanyak,perbanyak
prbndngan,perbandingan
prbnyak,perbanyak
prcakapan,percakapan
prcaya,percaya
prcya,percaya
prdamaian,perdamaian
prde,periode
preett,kampret
pres,presiden
pres,presiden
presd,presiden
presd,presiden
preseden,teladan
president,presiden
president,presiden
presidenx,presidenya
prestasiny,prestasinya
prhatikan,perhatikan
prilaku,perilaku
priode,periode
prjuangan,perjuangan
prl,perlu
prmainan,permainan
prmainn,permainan
prmasalahan,permasalahan
prmintaan,permintaan
prng,perang
prnh,pernah
prnh,pernah
prntyaan,pertanyaan
prnyataan,pernyataan
problema,masalah
prof,profesr
prof,professor
prog,program
programx,programnya
proide,periode
propinsi,provinsi
prosentase,presentase
prov,provinsi
prsden,presiden
prsh,perusahaan
prsiden,presiden
prtama,pertama
prubahan,perubahan
prusahaan,perusahaan
ps,prabowo subianto
pst,pasti
pst,pasti
psti,pasti
pas,ketika
ptateknya,prakteknya
ptestasi,prestasi
puanjang,panjang
pulisi,polisi
pundasi,pondasi
punyak,punya
puter,putar
puyeng,pusing
py,punya
qt,kita
qt,kita
qta,kita
radicalism,radikalisme
rahmarah,marah
raisopopo,gak bisa apa apa
raissso,rais
rakjat,rakyat
raky,rakyat
rakyatny,rakyatnya
rakyt,rakyat
ramadan,ramadhan
rame,ramai
rangorang,orang-orang
rapih,rapi
rasain,rasakan
rasax,rasanya
rasmikan,resmikan
real,nyata
realitany,realitanya
recoki,gaduh
recokin,gaduh
redho,ridho
rejim,rezim
resek,rizieq
resim,rezim
rezek,rieziq
ributin,ributkan
ridzik,rizieq
rijik,rizieq
ritwitt,retweet
rizik,rizieq
rkayat,rakyat
rky,rakyat
rkyat,rakyat
rkyt,rakyat
rmh,rumah
rnkp,rangkap
romadhon,ramadhan
rp,rupiah
rp,rupiah
rrzim,rezim
rubuh,roboh
ruet,ribut
rupiahny,rupiahnya
s,setuju
saaaangat,sangat
sabarr,sabar
saiyah,saya
sakin,semakin
salagi,selagi
salahin,salahkan
salh,salah
salut,hebat
samain,samakan
sampe,sampai
sampean,kamu
sampean,kamu
sampek,sampai
sampek,sampai
sangattttttt,sangat
sanhat,sangat
sapa,siapa
sapa,siapa
sapapun,siapapun
satux,satunya
saty2nya,satu-satunya
sayah,saya
sayank,sayang
sbab,sebab
sbabnya,sebabnya
sbagai,sebagai
sbaiknya,sebaiknya
sbaliknya,sebaliknya
sbb,sebab
sbelom,sebelum
sbenarnya,sebenarnya
sbenernya,sebenarnya
sbg,sebagai
sbgai,sebagai
sbgi,sebagai
sbgian,sebagian
sbgmn,sebagaimana
sbgmna,sebagaimana
sbh,sebuah
sblah,sebelah
sblm,sebelum
sblmnya,sebelumnya
sblom,sebelum
sblom,sebelum
sblum,sebelum
sblumnya,sebelumnya
sblumnya,sebelumnya
sbnarny,sebenarnya
sbnarnya,sebenarnya
sbnrnya,sebenarnya
sbrp,seberapa
sbsr,sebesar
sbtkan,sebutkan
sbuah,sebuah
sby,susilo bambang yudhoyono
scptnya,secepatnya
scr,secara
scra,secara
sdah,sudah
sdangkan,sedangkan
sdara,saudara
sdg,sedang
sdgkan,sedangkan
sdgkn,sedangkan
sdh,sudah
sdhlah,sudahlah
Sdhlh,sudahlah
sdkt,sedikit
sdkt,sedekat
sdng,sedang
sdngkan,sedangkan
sdr,saudara
sdri,sendiri
se7,setuju
seakn,seakan
sebaiknya,sebaiknya
sebangda,sebangsa
sebarin,sebarkan
sebellll,kesal
sebelmnya,sebelumnya
sebelomnya,sebelumnya
sebelumny,sebelumnya
sebelumx,sebelumnya
sebgian,sebagian
sebh,sebuah
seblah,sebelah
seblh,sebelah
seblm,sebelum
seblmnya,sebelumnya
seblumnya,sebelumnya
sebrang,seberang
sebrang,seberang
sebutang,sebutan
sebwsar,sebesar
sms,pesan
secra,secara
sedeehana,sederhana
sedkt,sedekat
sedng,sedang
seenggak,setidak
seenggaknya,setidaknya
segede,sebesar
segede,sebesar
segla,segala
segoblok,sebodoh
sehrsny,seharusnya
sehrsnya,seharusnya
sekarg,sekarang
sekarng,sekarng
sekrang,sekarang
sekrg,sekarang
selah,seolah
selaluu,selalu
selma,selama
selow,santai
semntara,sementara
sempet,sempat
sempetnya,sempatnya
semrawutnya,gak teratur
semuaa,semua
semuax,semuanya
senderi,sendiri
seneng,senang
senengnya,senangnya
senoga,semoga
seorg,seorang
sepertix,sepertinya
seprt,seperti
serahin,serahkan
serem,seram
serifikat,sertifikat
seriussan,serius
sertipikat,sertifikat
sesang,sedang
setaaaann,setan
setaaann,setan
setau,setahu
setau,setahu
setaun,setahun
setifikat,sertifikat
setop,berhenti
setuap,setiap
setuap,setiap
setujuuu,setuju
sewot,sebal
Seyogianya,seharusnya
sgala,segala
sgat,sangat
sgera,segera
sgh,sungguh
sgitunya,segitunya
sgl,segala
sgla,segala
sgr,segera
sgra,segera
sgrombolan,segerombolan
sgt,sangat
sgt,sangat
sgtu,segitu
sgtunya,segitunya
sh,sih
share,bagikan
shere,share
shg,sehingga
shgga,sehingga
shinga,sehingga
shingga,sehingga
shodokoh,sedekah
shr,seharus
shrsnya,seharusnya
sich,sih
sidah,sudah
sido,sudah
silahken,silahkan
silakan,silahkan
simpatik,simpati
simple,sederhana
simplekan,sederhanakan
simplenya,sederhananya
sing,orang
sinting,gila
sipp,sip
sirik,syirik
sistim,sistem
sistim,sistem
sistm,sistem
situeee,si tua
sizonkk, si zon
sj,saja
sj,saja
sja,saja
sjahtrakan,sejahterakan
sjarah,sejarah
sjauh,sejauh
sjhtra,sejahtera
sjk,sejak
sjk,sejak
sjumlah,sejumlah
sk,suka
skali,sekali
skalian,sekalian
skalian,sekalian
skalipun,sekalipun
skarang,sekarang
skaranglah,sekaranglah
skdar ,sekedar
skg,sekarang
skl,sekali
skli,sekali
skp,sikap
skp,sikap
skr,sekarang
skr,sekarang
skrang,sekarang
skrg,sekarang
skrng,sekarang
skt,sakit
slah,salah
slahkan,salahkan
slain,selain
slalu,selalu
slama,selama
slamat,selamat
slamt,selamat
slanjutnya,selanjutnya
slera,selera
slh,salah
sll,selalu
sllu,selalu
slm,selama
slm,salam
slma,selama
slmat,selamat
slmt,selamat
slrh,seluruh
slruh,seluruh
sls,selesai
slsaikn,selesaikan
slu,selalu
sm,sama
sma,sama
smakin,semakin
smart,pintar
smata,semata
smbyi,sembunyi
smenjak,semenjak
smentara,sementara
smg,semoga
smga,semoga
smkin,semakin
smkn,semakin
smntara,sementara
smntr,sementara
smntra,sementara
smog,smeoga
smoga,semoga
smp,sampai
smp,sampai
smpai,sampai
smpe,sampai
smua,semua
smua,semua
smua,semua
smuanya,semuanya
smudah,semudah
smw,semua
sn,setya novanto
sndiri,sendiri
sndiri,sendiri
sndri,sendiri
sng,senang
sngaja,sengaja
sngat,sangat
snggup,sanggup
sngt,sangat
sni,sini
sodara,saudara
sodara,saudara
sodaraku,saudaraku
sodori,serahkan
sodorkan,berikan
somay,somad
sombink,sombong
somplak,gila
songong,sombong
sono,sana
sorga,surga
sorga,surga
sorgawi,surgawi
sori,maaf
sorry,maaf
spakat,sepakat
spanjang,sepanjang
sperti,seperti
spndpt,sependapat
spnjng,sepanjang
spnuhnya,sepenuhnya
spnuhnya,sepenuhnya
sppun,siapapun
sprt,seperti
sprti,seperti
spt,seperti
spt,seperti
spti,seperti
sptnya,sepertinya
spy,supaya
spya,supaya
srbelum,sebelum
srd,saudara
srg,sekarang
srh,suruh
srius,serius
srkg,sekarang
srng,sering
srta,serta
ssh,susah
ssma,sesama
sstu,sesuatu
ssuai,sesuai
stadiun,stadion
statemen,pendapat
stdkny,setidaknya
stelah,setelah
stengah,setengah
stgh,setengah
stiap,setiap
stidaknya,setidaknya
stju,setuju
stl,setelah
stlh,setelah
strategy,strategi
streesss,stres
stress,stres
strong,sabar
stuju,setuju
stupun,satu pun
success,sukses
sucses,sukses
sudahh,sudah
sudh,sudah
sukaaa,suka
sukur,syukur
sumpeh,sumpah
suport,semangat
support,dukung
sulit,susah
susahhhh,susah
swdra,saudara
swtu,sewaktu
sx,sekali
sx,sekali
sy,saya
sya,saya
syah,sah
syaiton,setan
syeitan,setan
syg,sayang
sygngnya,sayangnya
sygnya,sayangnya
syoiton,setan
system,sistem
t4,tempat
tabiat,sifat
tadz,ustadz
tadz,ustadz
taggngjwb,tanggung jawab
tahn,tahun
tak,gak
tampatan,tamparan
tanem,tanam
tanggepan,tanggapan
tanggungjwb,tanggungjawab
tangkep,tangkap
tangkepin,tangkap
tanyain,tanyakan
tanyaken,tanyakan
taon,tahun
tar,nanti
tar,nanti
tar,nanti
targetx,targetnya
tarlalu,terlalu
tau,tahu
taug,tahu
taulah,tahulah
taun,tahun
taun,tahun
taun,tahun
taun2,tahun-tahun
taunya,tahunya
taux,tahunya
taux,tahunya
tayngan,tayangan
tb,tiba
tbaik,terbaik
tbang,tebang
tdak,gak
tdh,terhadap
tdhp,terhadap
tdk,gak
tidak,gak
tdkkah,tidakkah
tdklah,tidaklah
tdknya,tidaknya
tdpt,terdapat
tdrnya,tidurnya
teang,tenang
tebel,tebal
teebukti,terbukti
teehormat,terhormat
teejadi,terjadi
teelalu,teralu
teesebar,tersebar
tegor,tegur
tekno,teknologi
teledor,ceroboh
telen,telan
teleransi,toleransi
telolis,teroris
temen,teman
tenaaang,tenang
tenaang,tenang
tendyangg,tentang
tengkiuw,terima kasih
tengok,lihat
terabaikn,terabaikan
terabas,terobos
teralhir,terakhir
terbaikk,terbaik
terbr,terbaru
tercyduk,terciduk
terdpn,terdepan
terdzolimi,terzalimi
tereak,teriak
tereak,teriak
terentuh,tersentuh
tergantng,tergantung
terhdp,terhadap
terhrmt,terhormat
terhtmt,terhormat
teriakx,teriaknya
terimakasih,terima kasih
terimakasir,terima kasih
terjd,terjadi
terkhir,terakhir
terlht,terlihat
terllu,terlalu
terlnjur,terlanjur
terms,termasuk
tersbt,tersebut
tertamvan,tertampan
tertnggal ,tertinggal
tertuntu,tertentu
terusin,teruskan
terusss,terus
terusssssss,terus
teruus,terus
tetep,tetap
tetep,tetap
tetep,tetap
tetp,tetap
teyuss,terus
teyussss,terus
tggu,tunggu
tgh,tengah
tgjwb,tanggung jawan
tgn,tangan
th,tahun
thd,terhadap
thdp,terhadap
thingking,berpikir
thingking,berpikir
thn,tahun
thp,terhadap
thq,terima kasih
thu,tahu
thx,terima kasih
tiap,setiap
tiati,hati hati
tidk,gak
tinggalin,tinggalkan
tiorinya,teorinya
tjawab,tanggungjawab
tjd,terjadi
tjuan,tujuan
tk,gak ada
tkasih,terima kasih
tkgn,tukang
tkng,tukang
tks,terima kasih
tksh,terima kasih
tksih,terima kasih
tlah,telah
download,unduh
lambat,lama
rb,ribu
tlambat,terlambat
tlg,tolong
tlglah,tolonglah
tlh,telah
tll,terlalu
tlong,tolong
tlur,telur
tmbah,tambah
tmbahkah,tambahkan
tmbh,tambah
tmn,teman
tmp,tempat
tmsk,termasuk
tmsk,termasuk
tnang,tenang
tnggapan,tanggapan
tngh,tengah
tngkatkan,tingkatkan
tngkt,tingkat
tnp,tanpa
tntng,tentang
tntnya,tentunya
tobat,taubat
tolok,tolak
tolol,bodoh
toooop,top
tooop,top
top,mantap
tp,tapi
tpi,tapi
trang,terang
transortasi,transportasi
trbesar,terbesar
trburuk,berburuk
trciptanya,terciptanya
trcnta,tercinta
trcyduk,terciduk
trgantung,tergantung
trhadap,terhadap
trhadp,terhadap
trhdp,terhadap
trhjun,terjun
triak,teriak
trima,terima
trima,terima
trimakasih,terima kasih
trimksh,terima kasih
trims,terima kasih
trims,terima kasih
trjadi,terjadi
trjdi,terjadi
trkesan,terkesan
trlah,telah
trlalu,terlalu
trlihat,terlihat
trlksna,terlaksana
trllu,terlalu
trm,terima
trmaksh,terima kasih
trmasuk,termasuk
trmksh,terima kasih
trmsk,termasuk
trmsuk,termasuk
trnyata,ternyata
troooos,terus
troooos,terus
trpendam,terpendam
trprovokasi,terprovokasi
trrjrmahkan,terjemahkan
trs,terus
trs,terus
trs,terus
trsbt,tersebut
trsebarnya,tersebarnya
trsebut,tersebut
trsiksa,tersiksa
trsisa,tersisa
trstruktur,terstruktur
trtingga,tertinggal
trun,turun
trus,terus
trus,terus
trutama,terutama
tsb,tersebut
tsb,tersebut
tsbt,tersebut
tsk,tersangka
tsk,tersangka
tspi,tapi
ttap,tetap
ttep,tetap
ttg,tentang
ttk,titik
ttng,tentang
ttp,tetap
ttpi,tetapi
ttrhdp,terhadap
tu,itu
tuh, itu
tuhh,itu
tuir,tua
tuit,tweet
tuitnya,tweetnya
tuk,untuk
tuk,untuk
tul,betul
tunjukin,tunjukkan
tuntas,selesai
turunin,turunkan
turunya,turunya
tuuh,itu
tuuu,itu
tuwir,tua
tw,tahu
tweeter,twitter
tweter,twitter
twit,tweet
twit,tweet
twit,tweet
twiterr,twitter
twitnya,tweetnya
twitnya,tweetnya
twitt,tweet
twittnya,tweetnya
twrwujud,terwujud
u,untuk
u,untuk
u/,untuk
uahakan,usahakan
uas,ustad abdul somad 
ud,sudah
ud,sudah
uda,sudah
uda,sudah
udah,sudah
udau,sudah
ude,sudah
udeh,sudah
udelnya,koridornya
udh,sudah
ugkp,ungkap
ujug,ujung
unk,untuk
unt,untuk
untk,untuk
upcr,upacara
upppsss,ups
usah,perlu
usha,usaha
ust,ustadz
ustad,ustadz
ustat,ustadz
ustdz,ustadz
ut,untuk
utang,hutang
utangnya,hutangnya
utk,untuk
vaham,paham
vidio,video
w,saya
w,saya
wa,saya
wadoh,aduh
waduh,aduh
waduuhh,aduh
walahhh,aduh
walk out,keluar
walo,walau
walo,walau
walo,walau
waow,waw
waras,sehat
waras,sehat
waraskah,sehatkah
waraskah,sehatkan
warbasah,luar biasa
warbiasak,luar biasa
warbisayasak,luarbiasa
warbiyasak,luarbiasa
Warbyasak,luarbiasa
warning,peringatan
warusan,warisan
wataknya,sifatnya
weee,woi
weleh,aduh
why,mengapa
widihhh,aduh
wiiihhhhh,wow
wil,wilayah
wil,wilayah
wkl,wakil
wkt,waktu
wkt,waktu
wktnya,waktunya
wktu,waktu
wlpun,walaupun
wlw,walaupun
wlw,walaupun
wo,prabowo
woiii,woi
woles,sabar
wong,orang
wonk,orang
woooowwww,wow
wooowww,wow
wooww,wow
wowo,prabowo
wowok,prabowo
wspresnya,wakil presidennya
wuaduh,aduh
wuih,wow
wuiihhh,wow
x,kali
x,kali
y,ya
yaa,ya
yach,ya
yaelahhh,aduh
yahh,ya
yakalo,iya kalau
yaqin,yakin
yaqin,yakin
yarat,syarat
yaudehh,ya sudahlah
ybs,yang bersangkutan
yep,ya
yess,iya
yessss,ya
yg,yang
yme,yang maha esa
yng,yang
you know,kamu tahu
yowesss,ya sudah
yth,yang terhormat
yukkk,ayo
yups,ya
zholim,zalim
zholimin,zalimi
zong,kosong
zonk,kosong
zoonk,kosong
zoook,kosong
urgent,penting
promo,bonus
promonya,bonusnya
soalnya,karena
soalx,karena
bermutu,berkualitas
mutu,kualitas
kena,dapat
oh,astaga
klaim,ambil
order,pesan
kocak,aneh
service,servis
full,penuh
password,pin
limit,terbatas
fiturnya,fitur
adminnya,admin
adminya,admin
vouchernya,voucer
voucher,voucer
